{
  "project_info": {
    "project_number": "21413158640",
    "project_id": "pets-app-92a1b",
    "storage_bucket": "pets-app-92a1b.appspot.com"
  },
  "client": [
    {
      "client_info": {
        "mobilesdk_app_id": "1:21413158640:android:bc306f9a8aafba7b0f6c35",
        "android_client_info": {
          "package_name": "com.example.app_beta"
        }
      },
      "oauth_client": [
        {
          "client_id": "21413158640-pg6sntejf00r4tj8lvkjvbest459l9qr.apps.googleusercontent.com",
          "client_type": 3
        }
      ],
      "api_key": [
        {
          "current_key": "AIzaSyC6Nl98tbhJInhIKptBhK3OSn3nVupBldE"
        }
      ],
      "services": {
        "appinvite_service": {
          "other_platform_oauth_client": [
            {
              "client_id": "21413158640-pg6sntejf00r4tj8lvkjvbest459l9qr.apps.googleusercontent.com",
              "client_type": 3
            }
          ]
        }
      }
    }
  ],
  "configuration_version": "1"
}